client_id,is_customer
3331254,0
3331341,0
3331458,0
3331530,0
3332589,0
3332727,0
3332979,0
3333048,0
3333312,0
3333834,0
3333888,0
3334131,0
3334137,0
3334734,0
3334965,0
3335646,0
3336009,0
3336600,0
3336891,0
3337236,0
3337323,0
3337470,0
3337590,0
3337869,0
3338283,0
3339174,0
3339408,0
3340122,0
3340338,0
3341244,0
3341907,0
3342012,0
3342129,0
3342204,0
3342228,0
3342594,0
3342621,0
3342924,0
3343149,0
3343680,0
3344079,0
3345210,0
3345489,0
3345615,0
3346017,0
3346104,0
3346113,0
3346203,0
3346302,1
3347079,0
3347916,0
3349026,0
3349287,1
3350130,0
3350418,0
3351066,0
3351444,0
3351639,0
3351840,0
3351939,0
3352164,0
3352701,0
3352740,0
3353418,0
3354081,0
3354582,0
3354630,0
3354876,0
3355260,0
3355947,0
3356301,0
3356781,0
3357063,0
3358119,0
3358629,0
3358665,0
3359016,0
3359298,0
3360078,0
3361020,0
3361236,0
3361863,0
3361893,0
3362934,0
3363024,0
3364002,0
3364614,0
3365040,0
3365175,0
3365238,0
3365346,0
3365631,0
3365904,0
3366666,0
3367638,0
3368949,0
3369420,0
3369711,0
3370263,0
3370821,0
3371613,0
3371841,0
3371868,0
3372072,0
3372609,0
3373011,0
3373113,1
3373122,0
3373209,0
3373737,0
3373773,0
3374175,0
3374457,0
3374733,0
3374796,0
3375480,0
3375615,0
3376098,0
3376191,0
3376194,0
3376422,0
3376755,0
3376929,0
3377784,0
3378987,0
3379779,0
3380043,0
3380358,1
3381261,0
3381672,0
3381870,0
3381912,0
3382293,0
3382524,0
3382704,0
3384981,0
3385362,0
3385569,0
3385614,0
3386139,0
3386286,0
3386649,0
3387279,0
3387714,0
3387864,0
3388050,0
3388458,0
3388797,0
3388860,0
3388914,0
3389790,0
3390321,0
3390354,0
3390597,0
3390783,0
3392391,1
3393195,0
3393978,0
3394581,0
3394959,0
3395064,0
3395952,0
3396990,0
3398310,0
3398532,0
3398535,0
3398823,0
3399501,0
3399717,0
3400038,0
3400056,0
3400944,0
3401271,0
3401634,0
3401640,0
3401676,0
3401940,0
3405516,0
3405720,0
3405894,0
3406659,0
3407967,0
3407976,0
3407985,0
3408111,0
3408258,0
3408837,0
3409377,0
3410121,0
3410127,0
3410508,0
3410685,0
3410718,0
3410724,0
3410805,0
3410859,0
3411363,0
3411471,0
3411516,0
3412542,0
3412776,0
3412899,0
3413703,0
3413919,0
3413961,0
3415323,0
3415338,0
3415827,0
3416097,0
3416166,0
3416484,0
3417222,0
3417576,1
3418221,0
3418356,0
3419085,0
3419355,0
3419739,1
3420444,0
3420525,0
3420702,0
3420810,0
3420900,0
3421527,0
3421578,0
3422409,0
3423996,0
3424602,0
3424632,0
3425064,0
3425178,0
3425379,0
3428340,0
3428643,0
3428979,0
3429438,0
3429768,0
3430464,0
3430512,0
3430641,0
3430809,0
3431775,0
3432018,0
3432240,0
3432957,0
3433128,0
3433941,0
3434073,0
3434580,0
3434862,0
3435309,0
3435411,0
3435516,0
3435522,0
3435534,0
3435711,0
3436086,0
3436167,0
3436515,0
3436587,0
3437475,0
3437565,0
3438654,0
3438753,0
3439263,0
3439293,0
3439596,0
3440151,0
3440274,0
3440445,0
3440607,0
3440739,0
3442038,0
3442383,0
3442458,0
3442629,0
3442947,0
3442959,0
3443106,0
3443346,0
3443577,0
3443766,0
3444132,0
3444378,1
3444849,0
3445047,0
3445677,0
3445926,0
3446223,0
3446565,0
3446952,0
3448164,0
3448212,0
3448365,0
3448494,0
3448605,0
3448830,0
3449403,0
3450189,0
3450378,0
3450483,0
3450489,0
3450537,0
3450756,0
3451071,0
3451935,0
3452178,0
3452301,0
3452529,0
3452751,0
3452940,0
3453099,0
3453177,0
3453378,0
3454005,0
3455841,0
3459024,0
3459420,0
3459786,0
3460185,0
3460299,0
3460443,0
3460512,1
3460572,0
3460707,0
3460740,0
3460836,0
3461079,0
3461121,0
3461172,0
3461397,0
3461466,0
3461511,0
3461586,0
3461793,0
3462003,0
3462282,0
3463044,0
3463287,0
3463296,0
3463539,0
3463707,0
3464376,0
3464421,0
3464454,0
3464511,0
3464541,0
3464760,0
3465171,0
3465264,0
3465468,1
3465489,0
3465552,0
3465603,0
3465627,0
3465654,0
3466749,0
3466764,0
3466968,0
3467190,0
3467373,0
3467433,0
3467667,0
3468294,0
3468297,0
3469506,0
3469710,0
3469878,0
3469905,0
3470082,1
3470568,0
3470697,0
3470769,0
3470964,0
3471270,0
3471648,0
3471783,0
3472257,0
3472395,0
3473358,0
3473478,0
3473568,0
3473679,0
3473988,0
3474735,0
3475344,0
3475359,0
3475428,0
3475929,0
3476541,0
3476706,0
3478248,0
3478455,0
3478470,0
3478830,0
3479385,0
3479559,0
3479640,0
3479823,0
3479916,0
3480120,0
3481494,0
3481581,0
3481833,0
3481845,0
3482391,0
3482502,0
3482697,0
3483087,0
3483111,0
3483171,0
3483672,0
3483711,0
3484503,0
3484545,0
3484557,0
3484941,0
3485100,0
3485202,0
3485595,0
3486618,0
3486765,0
3487218,0
3487341,0
3487848,0
3488001,0
3488391,0
3488598,0
3489234,0
3489882,0
3490035,0
3490596,0
3490608,0
3490941,0
3491310,1
3491448,0
3491604,0
3491721,0
3492123,0
3493377,0
3493503,0
3493866,0
3494118,0
3494316,1
3494442,0
3494988,0
3495042,0
3495045,0
3495756,0
3495960,0
3496059,0
3496188,0
3496200,0
3496245,0
3496266,0
3496611,0
3497538,0
3497556,0
3497901,0
3497922,0
3498093,0
3498378,0
3499380,0
3499515,0
3499878,0
3500844,0
3501153,0
3502311,0
3503436,1
3503466,0
3504186,0
3505572,0
3505650,0
3505926,0
3505974,0
3506724,0
3506808,0
3507645,0
3508338,0
3508947,0
3509514,0
3510633,0
3510750,0
3511578,0
3511581,0
3513054,0
3513303,0
3513522,0
3513600,0
3513867,0
3514341,0
3514548,0
3514833,0
3514968,0
3515145,0
3515247,0
3515307,0
3515925,0
3516357,0
3516429,0
3517302,0
3517617,0
3518235,0
3518976,0
3519315,0
3519342,0
3519666,0
3519969,0
3520125,0
3520416,0
3520479,0
3520734,0
3520737,0
3520764,0
3520800,0
3520806,0
3521034,0
3521145,0
3521214,0
3521844,0
3523875,0
3523989,0
3524649,0
3525693,0
3525744,0
3525825,0
3526257,0
3526479,0
3526677,0
3527397,0
3528345,0
3528720,0
3528942,0
3529359,0
3530460,0
3530523,0
3530613,0
3531222,0
3531417,0
3531930,0
3531963,0
3532374,0
3532587,0
3533013,0
3534072,0
3534594,0
3534654,0
3534789,0
3535434,0
3535533,0
3536703,0
3536856,0
3536883,0
3536928,0
3537030,0
3537624,0
3537894,0
3538746,0
3539064,0
3539124,1
3539142,1
3539403,1
3539757,0
3539787,0
3539895,0
3540360,0
3541284,0
3541404,1
3542130,0
3542733,0
3542769,0
3543735,0
3544002,0
3544596,0
3544644,0
3544656,0
3544845,0
3545343,0
3545493,0
3545601,0
3545661,0
3546072,0
3547206,0
3547479,0
3548403,0
3549279,0
3549660,0
3550290,0
3550506,0
3550971,0
3551682,0
3554664,0
3556077,0
3557052,0
3558126,0
3558138,0
3558240,0
3558279,0
3559056,0
3559365,0
3559479,0
3559500,0
3559689,0
3559746,0
3560118,0
3560166,0
3560247,0
3560526,0
3561006,1
3561480,0
3562473,0
3562785,0
3562803,0
3563106,0
3563127,0
3563235,0
3563568,0
3564483,0
3564789,0
3565446,0
3565542,0
3565680,0
3566064,0
3566997,0
3567432,0
3568041,0
3568263,0
3568386,0
3568476,0
3568590,0
3568617,0
3568788,1
3569637,0
3569877,0
3570117,0
3570417,1
3570663,0
3570795,0
3571437,0
3571578,0
3571950,0
3572121,0
3572211,0
3572910,0
3573024,0
3573138,0
3573654,0
3573726,0
3574095,0
3574200,0
3574425,0
3574704,0
3574776,0
3574806,0
3574962,0
3575010,0
3576444,0
3576489,0
3576591,0
3576807,0
3578004,0
3578097,0
3578157,0
3578220,0
3578283,0
3578376,0
3579117,0
3579381,0
3580212,0
3580377,0
3580755,0
3580815,0
3580881,0
3580890,0
3581460,0
3581862,0
3582087,0
3582117,0
3582210,0
3582228,0
3583053,0
3584676,0
3584946,1
3585534,0
3585546,0
3585600,0
3585969,0
3585972,0
3586275,0
3587040,0
3587448,0
3587475,0
3588072,0
3588129,0
3588306,0
3588324,0
3588783,0
3588954,0
3589071,0
3589305,0
3591363,0
3592539,0
3592722,0
3592998,0
3593436,0
3593823,0
3594036,0
3594138,0
3594222,0
3594342,0
3594900,0
3595617,0
3596967,0
3597309,0
3597339,0
3598572,0
3598743,0
3598965,0
3600417,0
3601500,0
3602166,0
3602178,0
3602490,0
3602700,0
3603018,0
3603258,0
3603396,0
3603474,0
3603555,0
3603597,0
3603675,0
3604245,0
3605289,0
3605445,0
3606678,0
3607353,0
3607842,0
3607890,0
3607929,0
3608598,0
3608622,0
3609495,0
3609600,0
3610170,0
3611724,0
3612126,0
3612666,0
3612741,0
3613104,0
3613830,0
3613941,0
3613959,0
3614811,0
3615186,0
3615294,0
3615927,0
3616197,0
3616212,0
3617574,0
3617751,0
3618759,0
3618768,0
3619692,0
3619887,0
3621381,0
3621525,0
3621636,0
3622785,0
3622941,0
3623172,0
3623361,0
3623622,0
3623838,0
3623859,0
3624036,1
3624201,0
3624234,0
3624564,0
3625038,0
3625611,0
3626028,0
3627501,0
3627951,0
3628173,0
3628215,0
3628275,0
3628728,1
3629076,0
3629340,0
3629364,0
3629676,0
3631026,0
3631455,0
3631584,0
3632088,0
3632130,0
3632151,0
3632196,0
3632835,0
3633000,0
3633243,0
3633627,0
3633648,0
3634113,0
3635319,0
3635799,0
3635967,0
3637419,0
3638502,0
3638826,0
3639078,0
3639702,0
3639804,0
3639915,0
3639951,0
3640110,0
3641112,0
3641130,0
3641379,0
3641883,0
3642099,0
3642498,0
3643041,0
3643263,0
3643332,0
3644586,0
3644799,0
3645204,0
3645315,0
3645480,0
3645486,0
3645489,0
3645720,0
3645795,0
3646197,0
3646530,0
3646923,0
3647388,0
3648666,0
3649521,0
3650355,0
3650670,0
3650733,0
3651246,0
3651729,0
3652083,0
3652689,0
3652830,0
3653067,0
3653850,0
3653871,0
3654021,0
3654438,0
3654765,0
3655281,0
3655647,0
3655845,0
3656121,0
3656904,0
3657471,0
3657840,0
3658485,0
3659004,0
3659361,0
3659646,1
3659838,0
3660270,0
3660375,0
3660687,0
3661188,0
3661956,1
3662646,0
3662742,0
3663159,0
3663183,1
3663450,0
3663924,0
3664356,0
3664434,0
3664662,0
3664881,0
3665607,0
3665625,0
3665631,0
3665841,0
3666072,0
3666153,0
3666474,0
3666531,0
3666858,0
3667023,0
3667257,0
3667347,0
3667503,0
3667560,0
3667944,0
3668169,0
3668295,0
3668451,0
3668508,0
3668868,0
3668943,0
3669258,0
3669927,0
3671763,0
3671895,0
3672306,0
3672309,0
3672687,0
3673572,0
3673740,0
3673803,0
3673914,0
3674037,0
3674280,0
3674313,0
3674793,0
3675003,0
3675588,0
3675738,0
3676797,0
3677949,0
3678636,0
3679476,0
3679488,0
3679521,0
3681045,0
3681198,0
3681366,0
3681531,0
3681621,0
3682791,0
3683094,0
3683442,0
3684111,0
3684219,0
3685284,0
3686139,0
3687786,0
3688047,0
3690096,0
3690189,0
3690861,0
3691722,0
3691737,0
3692001,0
3692751,0
3694425,0
3694527,1
3694737,0
3695376,0
3696285,0
3697638,0
3697842,0
3697851,0
3698052,0
3698637,0
3699465,0
3700266,0
3700503,0
3701541,0
3701820,0
3701889,0
3702018,0
3702519,0
3702729,0
3702840,0
3703155,0
3703212,0
3703413,1
3703464,0
3703569,0
3703668,0
3703680,0
3703692,0
3703800,0
3704100,0
3705249,1
3706239,0
3706449,0
3706707,0
3707094,0
3707478,0
3707925,0
3707955,0
3709029,0
3709071,0
3709446,0
3710298,0
3710517,0
3710868,0
3710997,0
3711039,0
3712368,0
3712578,1
3713196,0
3713637,0
3713985,0
3714225,0
3714498,0
3714960,0
3715701,0
3716676,0
3716727,0
3717138,0
3718098,0
3718113,0
3718311,0
3718761,0
3720537,0
3720978,0
3721263,0
3721539,0
3724602,0
3724662,0
3724998,0
3725937,0
3726126,0
3726753,0
3726999,0
3727173,0
3727512,0
3727647,0
3727809,0
3727929,0
3728265,0
3729294,0
3729303,0
3730056,0
3730278,0
3731961,0
3732255,0
3732606,0
3732801,0
3733062,0
3733176,0
3733893,0
3734271,0
3734907,0
3734967,0
3734994,0
3735174,0
3735309,0
3735429,0
3735744,0
3736995,0
3737691,0
3738183,0
3739329,0
3739374,0
3740019,0
3740565,0
3740574,0
3741303,0
3744321,0
3744816,0
3745323,0
3745563,0
3745851,0
3746283,0
3746472,0
3747042,0
3748809,0
3749256,0
3749295,0
3750000,0
3750465,0
3750576,0
3750606,0
3750642,0
3751068,0
3751668,0
3752643,0
3753234,0
3753555,0
3753774,0
3754086,0
3754329,0
3754494,0
3754728,0
3755613,0
3755781,0
3756228,0
3756585,0
3756921,0
3757071,0
3757821,0
3757836,0
3758445,0
3758556,0
3759387,0
3759420,0
3760404,1
3760923,0
3761277,0
3761481,0
3761739,0
3762123,0
3762558,0
3762654,0
3762708,0
3763011,0
3763713,0
3763800,0
3763905,0
3763956,0
3764295,0
3764511,0
3764805,0
3765795,0
3766749,0
3767340,0
3767577,0
3767613,0
3767979,0
3768798,0
3769371,0
3769797,0
3770322,0
3770757,0
3770790,0
3770997,0
3771240,0
3771678,0
3771717,0
3772044,0
3772641,0
3772689,0
3772695,0
3773736,0
3773838,0
3774015,0
3774396,0
3774633,0
3774672,0
3775149,0
3775272,0
3775836,0
3775911,1
3776346,0
3776412,0
3776550,0
3776739,0
3777018,0
3777414,0
3777510,0
3777585,0
3779568,0
3779718,0
3779976,0
3780123,0
3780621,0
3780765,0
3781134,0
3781233,0
3781440,0
3781746,0
3781791,0
3782214,0
3782217,0
3782358,0
3782484,0
3783252,0
3784377,0
3785292,0
3785499,0
3785619,0
3785664,0
3786096,0
3787485,0
3787836,0
3789018,0
3789054,0
3789738,0
3789990,0
3790167,0
3790635,0
3790755,0
3790839,0
3790914,0
3791118,0
3792300,0
3794883,0
3795147,0
3796206,0
3796287,1
3797406,0
3798234,0
3798720,0
3798834,0
3798978,1
3799098,0
3799299,0
3799359,0
3799815,0
3800286,0
3800523,0
3800775,0
3800781,0
3800943,0
3801102,0
3801249,0
3801267,0
3801345,0
3801423,0
3802689,0
3803316,0
3803421,0
3803631,0
3803685,0
3803814,0
3803925,0
3805152,0
3805221,0
3805542,0
3806409,0
3806658,0
3808326,0
3808518,0
3808971,0
3809217,0
3809556,0
3810291,0
3810573,0
3810987,0
3811002,0
3811071,0
3811212,0
3811422,0
3811905,0
3812157,0
3813042,0
3813477,0
3813744,0
3813966,0
3815100,0
3815103,0
3816930,0
3817233,0
3817251,0
3817830,0
3817869,0
3818301,0
3818493,0
3818496,0
3818649,0
3819405,0
3819810,0
3819906,0
3820053,0
3820062,0
3820125,0
3820476,0
3820557,0
3820935,0
3821529,0
3821703,0
3822051,0
3822231,0
3823362,0
3823584,0
3825495,0
3826200,0
3826581,0
3826833,0
3827061,0
3827091,0
3827205,0
3827874,0
3828045,0
3828180,0
3828852,0
3829083,0
3829188,0
3829245,0
3829434,0
3829575,0
3829803,0
3830043,1
3830055,0
3830088,0
3830400,0
3830490,0
3830601,0
3832206,0
3832623,0
3832863,0
3833082,0
3833097,0
3833112,0
3833256,0
3833526,0
3834135,0
3834291,0
3834447,0
3834729,0
3834999,0
3835014,0
3835179,0
3835449,0
3835542,0
3836490,0
3836763,0
3837027,0
3838566,0
3838677,0
3838806,0
3839178,0
3839229,0
3839388,0
3839820,0
3840144,1
3840561,0
3840801,0
3840948,0
3841239,0
3841281,0
3841290,0
3841746,0
3841758,0
3842097,0
3842217,0
3842553,0
3842652,0
3843744,0
3843951,0
3843981,0
3844587,0
3844866,0
3845271,0
3845457,0
3845811,0
3845940,0
3846450,0
3846720,0
3847137,0
3847341,0
3847668,0
3849255,0
3849591,0
3851037,0
3851418,0
3851442,0
3851520,0
3851682,0
3851847,0
3851946,0
3852213,0
3853323,0
3853533,0
3853683,0
3853902,0
3856095,0
3856098,0
3856419,0
3856887,0
3857151,0
3858285,0
3858825,0
3859809,0
3860190,0
3860373,0
3860457,0
3860589,0
3860832,0
3861174,0
3861249,0
3862374,0
3862890,0
3863532,0
3863679,0
3864579,0
3864828,0
3865140,0
3866079,0
3866376,0
3866463,0
3866487,0
3866523,0
3866607,0
3868311,0
3869289,0
3869580,0
3869688,0
3871161,0
3871233,1
3871269,0
3871371,0
3871395,0
3871752,0
3872994,0
3873852,0
3873936,0
3873972,0
3875187,0
3875349,0
3875604,0
3875886,0
3875949,0
3876243,0
3876330,0
3876981,0
3877698,0
3878070,0
3878757,0
3878955,0
3879546,0
3879813,1
3880839,0
3881175,0
3881283,0
3881505,0
3881673,1
3881832,0
3881922,0
3882174,0
3882855,0
3883098,0
3883167,0
3885030,0
3886164,0
3886365,0
3886683,0
3887988,0
3889104,0
3889413,0
3889449,0
3889662,0
3890091,0
3891234,0
3891387,0
3891609,0
3891765,0
3891882,0
3891897,0
3891900,0
3892197,0
3893787,0
3893955,0
3894591,0
3895203,0
3895350,0
3895533,1
3895833,0
3896082,0
3896895,0
3897390,0
3897720,0
3898230,0
3898701,0
3899706,0
3900057,0
3901074,0
3901341,0
3901548,0
3902610,0
3903048,0
3903117,1
3903153,0
3903480,0
3903885,0
3904242,1
3904512,0
3904638,1
3904926,0
3905727,0
3905922,0
3905928,0
3906162,0
3906375,0
3906831,0
3906954,0
3910011,0
3910749,0
3911550,0
3911961,1
3912489,0
3913083,0
3913332,0
3914982,0
3915711,0
3916431,0
3916596,1
3916752,0
3917016,0
3917406,0
3917601,0
3917790,0
3918045,0
3918087,0
3918126,0
3918246,0
3918366,0
3919674,0
3919797,0
3921375,0
3921609,0
3921735,0
3922410,0
3922812,0
3923184,0
3923970,0
3924015,0
3924132,0
3924300,0
3925821,0
3927207,0
3928437,0
3928638,0
3929037,0
3929151,0
3930051,0
3930831,0
3931614,0
3931656,0
3931833,0
3932409,0
3932907,0
3933621,0
3936288,0
3936882,0
3936936,0
3938106,0
3939423,0
3939762,0
3940134,0
3941037,0
3942342,0
3942762,0
3943245,0
3945318,0
3946101,0
3946407,0
3947136,0
3947622,0
3948801,0
3949650,0
3950670,0
3950733,0
3955257,0
3956514,0
3956667,0
3957003,0
3957882,0
3958254,0
3958332,0
3958758,0
3959511,0
3960543,0
3961830,0
3962043,0
3962205,1
3962271,0
3964242,0
3966465,0
3966807,0
3967356,0
3967914,0
3968157,0
3968889,0
3969402,1
3969426,0
3970752,0
3971439,0
3972954,0
3973107,0
3973290,0
3973533,0
3974886,1
3975570,0
3975858,0
3975903,0
3976371,0
3976644,0
3978324,0
3978345,0
3979467,0
3979884,0
3980223,0
3980229,0
3980634,0
3981456,0
3981474,0
3981480,0
3981576,0
3981897,0
3981966,0
3981975,0
3982023,0
3982068,0
3982419,0
3982560,0
3984162,0
3984195,0
3984261,0
3984342,0
3984882,0
3985746,0
3986709,0
3986739,0
3987006,1
3987480,0
3988371,0
3988902,0
3988962,0
3989400,0
3989874,0
3989991,1
3990822,0
3991116,0
3991686,0
3991815,0
3992226,0
3993141,0
3993147,0
3993813,0
3993879,0
3993882,0
3993912,0
3994038,0
3994317,0
3994365,0
3994650,0
3994926,0
3995394,0
3995658,0
3996729,0
3996885,0
3996999,0
3997314,0
3997398,1
3997455,0
3997524,0
3997917,0
3998307,0
3998463,0
3998787,0
3998928,0
3999081,0
3999459,0
3999552,0
4000833,0
4001136,0
4001253,0
4001982,0
4002267,0
4002294,0
4002357,0
4002654,0
4002705,0
4003329,0
4005570,0
4005894,0
4006254,0
4006452,0
4007604,0
4009254,0
4009332,0
4009560,0
4009593,0
4009608,0
4010100,0
4010445,0
4010826,0
4012347,0
4012680,0
4012866,0
4012956,0
4013277,0
4013472,0
4013688,0
4014123,0
4014444,0
4014609,0
4014867,0
4014933,0
4015551,0
4015671,0
4017084,0
4018008,0
4018026,0
4018530,0
4019148,0
4019310,0
4019322,0
4019664,0
4019814,0
4019919,0
4020303,0
4020738,0
4020780,0
4021812,0
4022034,0
4022709,0
4022838,0
4022931,0
4023015,0
4023282,0
4023462,0
4023471,0
4023768,0
4024137,0
4024221,0
4024881,0
4024908,0
4025133,0
4025217,0
4025283,0
4025388,0
4025568,0
4025667,0
4026126,0
4026279,0
4026528,1
4026897,0
4027341,0
4027500,0
4027608,0
4027659,0
4028439,0
4028874,0
4029141,1
4030566,0
4031370,0
4031682,0
4032048,0
4032456,0
4032591,0
4032807,0
4032885,0
4032891,0
4032978,0
4033182,0
4033809,0
4034478,1
4034955,0
4034973,0
4035165,0
4035381,0
4035654,0
4037361,0
4037442,0
4037622,0
4037913,0
4037919,0
4037973,0
4038231,0
4038456,0
4038867,0
4039209,0
4039737,0
4040331,0
4040580,0
4041054,0
4041555,0
4041564,1
4042467,0
4043505,0
4043652,0
4043991,0
4044003,0
4044036,0
4044048,0
4044090,0
4046394,0
4046766,0
4046934,0
4047564,0
4047609,0
4047888,0
4047930,0
4048239,0
4050078,0
4050561,0
4052784,0
4054014,0
4054251,0
4055127,0
4055340,0
4055820,0
4055994,0
4056015,0
4056177,0
4056348,0
4056366,0
4057137,0
4057533,0
4058016,0
4058514,1
4059507,0
4060596,0
4061304,0
4061610,0
4062120,1
4062936,0
4063008,0
4063029,0
4063224,0
4063329,0
4064379,0
4064397,0
4064577,0
4064760,0
4064844,0
4065966,0
4066383,0
4066737,0
4067712,0
4068549,0
4068597,0
4070076,0
4070547,0
4070559,1
4071324,0
4071681,0
4071978,0
4072200,0
4073076,0
4073289,0
4074003,0
4074780,0
4075215,0
4075656,0
4075779,0
4077666,0
4077699,0
4080267,0
4080330,0
4080423,0
4080957,0
4081974,0
4082214,0
4082385,0
4083012,0
4083711,0
4084239,0
4084440,0
4084467,0
4084731,0
4084770,0
4085553,0
4085616,0
4085760,0
4085952,0
4086573,0
4086684,0
4087311,0
4087329,0
4087530,0
4087689,0
4088421,0
4090281,0
4090770,0
4090827,0
4090887,0
4091160,0
4091289,0
4091598,0
4091799,0
4091916,0
4092021,0
4092822,0
4094205,1
4094496,0
4094943,0
4095000,0
4096569,1
4097136,0
4097460,0
4098123,0
4099164,0
4099284,0
4099302,0
4099350,0
4099779,0
4101315,0
4101519,0
4102404,0
4103916,0
4103949,1
4103952,0
4104408,0
4105158,0
4105671,0
4106736,0
4108932,0
4110657,0
4110921,0
4111998,0
4112001,0
4112526,0
4113744,0
4113906,0
4115049,0
4115400,0
4115706,0
4115925,0
4116774,0
4116867,0
4117278,0
4117281,0
4117893,0
4118685,0
4120242,0
4122654,0
4123455,0
4123638,0
4123665,0
4123860,0
4124043,0
4124763,0
4125777,0
4126824,0
4127910,0
4128156,0
4128930,0
4129560,0
4130928,0
4131036,0
4131210,0
4131315,0
4131678,0
4132371,1
4132695,0
4134246,0
4135587,0
4135953,0
4136268,0
4136463,0
4136526,0
4137009,0
4137714,0
4137837,0
4138356,0
4138365,0
4139646,0
4139859,0
4139877,0
4140477,0
4140594,0
4141296,0
4141473,0
4141500,0
4141656,0
4141899,1
4142130,0
4142991,0
4143036,1
4143315,0
4143423,0
4143873,0
4144239,1
4144692,0
4144869,0
4145637,0
4145658,0
4146534,0
4149033,0
4149282,0
4149729,0
4149813,0
4150692,0
4152348,0
4153272,0
4153452,0
4156092,0
4156236,0
4156539,0
4157250,0
4157421,0
4158273,0
4158873,0
4159416,0
4160514,0
4161021,0
4161609,0
4161747,0
4162080,1
4162239,0
4162377,0
4162779,0
4162824,0
4163505,0
4164030,0
4164561,0
4164930,0
4164939,0
4165197,0
4165938,1
4166151,0
4166292,0
4167135,0
4167711,0
4167768,0
4167969,0
4168347,0
4168902,0
4169358,0
4169523,0
4171278,0
4172049,0
4172787,0
4173753,0
4174860,0
4176411,0
4176666,0
4177773,0
4178655,0
4179669,0
4180224,0
4181265,1
4181370,0
4181919,0
4182561,0
4183392,0
4184550,0
4184580,0
4184697,0
4185186,0
4185657,0
4186014,0
4187541,0
4187961,0
4189191,0
4191303,0
4191876,0
4192095,0
4192146,0
4192653,0
4192995,0
4193034,0
4193139,0
4193448,0
4194111,0
4196826,0
4197084,0
4197264,0
4197483,0
4197492,0
4197585,0
4197888,0
4198392,0
4199073,0
4200237,0
4200276,0
4200465,0
4201863,0
4203006,0
4203048,0
4203570,0
4205676,0
4205832,0
4205889,0
4205910,0
4206276,0
4206798,0
4208151,0
4208307,1
4209402,0
4209903,0
4210551,0
4210710,1
4211580,0
4212036,0
4212291,0
4212384,0
4212462,0
4212573,0
4212771,0
4213320,0
4214166,0
4214799,0
4215423,0
4215468,0
4215660,0
4215714,0
4216497,0
4216971,0
4217739,1
4218366,0
4218420,0
4219206,0
4219905,0
4220097,0
4220178,1
4220355,0
4220511,0
4221003,0
4221033,0
4221417,0
4221609,0
4221975,0
4222050,0
4222548,0
4223412,0
4223733,0
4223811,1
4225011,0
4225140,0
4225287,0
4226025,0
4226661,0
4227873,0
4228266,0
4228365,0
4230534,0
4230699,0
4231131,0
4231596,0
4231956,0
4232343,0
4232826,0
4233072,0
4234365,0
4235001,0
4235061,0
4235751,0
4236876,0
4237416,0
4237968,0
4240026,0
4240167,0
4240284,0
4240422,0
4240965,0
4242399,0
4243392,0
4243911,0
4244142,0
4244184,0
4246419,0
4246725,0
4248240,0
4248855,0
4248987,0
4249089,0
4249137,0
4252158,0
4252338,0
4252416,0
4252452,0
4253472,0
4253928,0
4254201,0
4255122,0
4255995,0
4256079,0
4256376,0
4256499,0
4256526,0
4256550,0
4258485,0
4260024,0
4260042,0
4260678,0
4261032,0
4261092,0
4261347,0
4261914,0
4261947,0
4262868,0
4263177,0
4263300,0
4264458,0
4264629,0
4265076,0
4265313,0
4265781,0
4265910,0
4267893,0
4268691,0
4268754,0
4268772,0
4269180,0
4270335,0
4270386,0
4270455,0
4272507,0
4272558,0
4272627,0
4275888,0
4276113,0
4276131,0
4276989,0
4276998,0
4277457,0
4277547,0
4278078,0
4280073,1
4280178,0
4280706,0
4280997,0
4281042,0
4281282,0
4281810,0
4281816,0
4284375,0
4285116,0
4285758,0
4285803,0
4285986,0
4286112,0
4286325,0
4286715,1
4287255,0
4288737,0
4288833,0
4289622,0
4290762,0
4290909,0
4291212,0
4291686,0
4292706,0
4292874,0
4293060,0
4293927,0
4294509,0
4294998,0
4296957,0
4296996,0
4297050,1
4298322,0
4298682,0
4299084,0
4299738,0
4299768,0
4300485,0
4300887,0
4301628,0
4302177,1
4302960,0
4303023,0
4305537,0
4309053,0
4309656,0
4311285,0
4311324,0
4311570,1
4312776,0
4313337,0
4314243,0
4314906,0
4315248,0
4315422,0
4315617,0
4316160,0
4316961,0
4316991,0
4319520,0
4319676,0
4319727,0
4319904,0
4320966,0
4322217,0
4322457,0
4322706,0
4322718,0
4322970,0
4323015,0
4323048,0
4323084,0
4323417,0
4323438,0
4323813,0
4324488,0
4325211,0
4325475,0
4326081,0
4327233,0
4328454,1
4329198,0
4329957,0
4329999,0
4330464,0
4330830,0
4331544,0
4331844,0
4336536,0
4336635,0
4338936,0
4339068,0
4339497,0
4339536,0
4339764,0
4340841,0
4340952,0
4341666,0
4341786,0
4342320,0
4343004,1
4343151,0
4343355,0
4343898,0
4344225,0
4344738,0
4347549,0
4347795,0
4348029,0
4348488,0
4348947,0
4350033,0
4350069,0
4350093,0
4350858,0
4351554,0
4353207,0
4353534,0
4353546,0
4353645,0
4353771,0
4354176,0
4355004,0
4355433,0
4355943,0
4357731,0
4358646,0
4359126,0
4359396,0
4360902,0
4361034,0
4361046,0
4361322,0
4362144,0
4363227,0
4364145,0
4365768,0
4365777,0
4366326,0
4366620,0
4366761,1
4366968,0
4367304,0
4367355,0
4367535,0
4368762,0
4369470,0
4369950,0
4370343,0
4370577,0
4370994,0
4371420,0
4371642,0
4372323,0
4372473,0
4372563,1
4372641,0
4372698,0
4373019,0
4373085,0
4373184,0
4373661,0
4375344,0
4375437,0
4376022,0
4377996,0
4378290,0
4378566,0
4379436,0
4379889,0
4380072,0
4380117,1
4380828,1
4381242,0
4382007,0
4383225,0
4383963,0
4384542,0
4384782,0
4386948,0
4388706,0
4388979,0
4388991,0
4389624,0
4389777,0
4390710,0
4391094,0
4392882,0
4393263,0
4393695,0
4394724,0
4395426,0
4396281,0
4396305,0
4397724,0
4398033,0
4398357,0
4398759,0
4398867,0
4398981,0
4400181,0
4400688,1
4402095,0
4402284,0
4402308,0
4402332,0
4402902,0
4403961,0
4404120,0
4404822,0
4405014,0
4405551,0
4406142,0
4406793,0
4407147,0
4407516,0
4407879,0
4408227,0
4409502,0
4410147,0
4410423,0
4411080,0
4411101,0
4411185,1
4411260,0
4411686,0
4413519,0
4415283,0
4416060,0
4417836,0
4418214,0
4418235,0
4419297,0
4419936,0
4421688,0
4422015,0
4422831,0
4423839,0
4424142,0
4424766,0
4425267,1
4426038,0
4426788,0
4428210,0
4428819,0
4429356,0
4430364,0
4430655,0
4431006,0
4433346,0
4433472,0
4434078,0
4434351,0
4434393,1
4435266,0
4435977,0
4436637,0
4436670,0
4436682,0
4436688,0
4438536,0
4438794,0
4439322,0
4440069,0
4440501,0
4441371,0
4442244,0
4442337,0
4442403,0
4442808,0
4443111,0
4443468,0
4443507,0
4443561,0
4444029,0
4444998,0
4445829,0
4446063,0
4446138,0
4446147,1
4446186,0
4448862,0
4449753,0
4450314,1
4450578,0
4450785,1
4451133,0
4451967,0
4452216,0
4452309,0
4452939,0
4455456,0
4455672,0
4455903,0
4456008,0
4456203,0
4456257,0
4456815,0
4456971,0
4457082,0
4457541,0
4459275,0
4460547,0
4460595,0
4460682,0
4461855,0
4462971,0
4463568,0
4464717,0
4465782,0
4468731,0
4469382,0
4470822,0
4472067,0
4472181,0
4472232,0
4472742,1
4472997,0
4475436,0
4475877,0
4477032,0
4477767,0
4478064,0
4478961,0
4479417,0
4479591,0
4480512,0
4480785,0
4480827,0
4480968,1
4481487,1
4482462,1
4483008,1
4483905,0
4484094,0
4484256,0
4484406,0
4485249,0
4485372,0
4485528,0
4485732,0
4485783,0
4486008,0
4486242,1
4486650,0
4486785,0
4487604,0
4487625,0
4488417,0
4489287,0
4489890,0
4490307,0
4490379,0
4490715,0
4491147,0
4492017,0
4493790,0
4494021,0
4494219,1
4495056,0
4495398,0
4495692,0
4495716,0
4495971,0
4496010,0
4496577,0
4496727,0
4497165,0
4497456,0
4498227,0
4498464,0
4499181,0
4499460,0
4499775,0
4500015,0
4500516,0
4500708,0
4500714,1
4501167,0
4501827,0
4501851,0
4502031,0
4503189,0
4503897,0
4504026,0
4504533,0
4505631,0
4507377,0
4507554,0
4508355,0
4509132,0
4509486,0
4510998,0
4511349,0
4511448,0
4511682,0
4511748,0
4512153,0
4513014,0
4513776,0
4514529,0
4515021,0
4515213,0
4515606,0
4515711,0
4516047,0
4516329,0
4516371,0
4518861,0
4518879,0
4519053,0
4519134,0
4519425,0
4519470,0
4519500,0
4522008,0
4522113,0
4522482,0
4522701,0
4523262,0
4523973,0
4524873,0
4525272,0
4525752,0
4525839,0
4525989,0
4526316,0
4526463,0
4526532,0
4527597,0
4527753,0
4527897,0
4527945,0
4528137,0
4528833,0
4529388,0
4529919,0
4530093,0
4530861,0
4530957,0
4531095,0
4531209,0
4532274,0
4532520,0
4532577,0
4532673,0
4532811,0
4532904,0
4533477,1
4533513,0
4533576,0
4533681,0
4534533,0
4534683,0
4535106,0
4535856,0
4536528,0
4536567,0
4536579,1
4536780,0
4536975,0
4538055,0
4538115,0
4538628,0
4538754,0
4538871,0
4538976,0
4539039,0
4539195,0
4539750,0
4539987,0
4540977,0
4541058,0
4541307,0
4541529,0
4541574,0
4541814,0
4543626,0
4544499,0
4544697,0
4544784,1
4545363,0
4545921,0
4546038,0
4546683,0
4547082,0
4547577,0
4549611,0
4549875,0
4550280,0
4551393,0
4551477,0
4551597,0
4551813,0
4552191,0
4552350,0
4553052,0
4553466,0
4553808,0
4554765,0
4555200,0
4555233,0
4555692,0
4556712,0
4556985,0
4557039,0
4557117,0
4557573,0
4557621,0
4558785,0
4559850,0
4560756,0
4560879,0
4561200,0
4561497,0
4561539,0
4561692,0
4562181,0
4563000,0
4563405,0
4563768,0
4563816,0
4564494,0
4567566,0
4567800,0
4568007,0
4568625,0
4569363,1
4569570,0
4569987,0
4570335,0
4570869,0
4571019,0
4571334,0
4571457,0
4571685,0
4572114,0
4572225,1
4572408,0
4572810,0
4573335,0
4573785,0
4573932,0
4574223,0
4574529,0
4574931,0
4575174,0
4575327,0
4575411,0
4575414,0
4575486,0
4576281,0
4576731,0
4576752,0
4576791,0
4576848,0
4576983,0
4577331,0
4577430,0
4577787,0
4578885,0
4579113,0
4579446,0
4579605,0
4579713,0
4580604,0
4580898,0
4581186,0
4581288,1
4581663,1
4582173,0
4584300,0
4584327,0
4584414,0
4584420,0
4584597,0
4584852,0
4585080,0
4585113,0
4585170,0
4585275,0
4586013,0
4586370,0
4587762,0
4588338,0
4588686,0
4588734,0
4588815,0
4589046,0
4589106,0
4589901,0
4589985,0
4590117,0
4590648,0
4590735,0
4590891,0
4590924,0
4591194,0
4591254,0
4591473,0
4591494,0
4591581,0
4591749,0
4591995,0
4592646,0
4592829,0
4593279,0
4593708,0
4594083,0
4594479,0
4594845,0
4594983,0
4596483,0
4596618,0
4596720,0
4597002,0
4597158,0
4597608,0
4597644,0
4597941,0
4598136,0
4599240,0
4599804,0
4599975,0
4600179,0
4600281,0
4600374,0
4600929,0
4601421,0
4601610,0
4601625,0
4601655,0
4602027,0
4602474,0
4602663,0
4602684,0
4602699,0
4602966,0
4603173,0
4603974,0
4604460,0
4604700,0
4605051,0
4605069,0
4605291,0
4605390,0
4605402,0
4605483,0
4605978,0
4606305,0
4608597,0
4608744,0
4608804,0
4608879,0
4609017,0
4609191,0
4609350,0
4609878,0
4609929,0
4610781,0
4611279,0
4611354,0
4612353,0
4612371,0
4612971,0
4613235,1
4613754,0
4613823,0
4614453,0
4615026,0
4615404,0
4615704,0
4616337,0
4616424,0
4616502,0
4616607,0
4616961,0
4617225,0
4618335,0
4618377,0
4618515,0
4618740,0
4618863,0
4618935,0
4619328,1
4619823,0
4619958,0
4620441,0
4620474,0
4621011,0
4621239,0
4621452,0
4621578,0
4621941,0
4621953,0
4622118,0
4622229,0
4622319,0
4622475,0
4623033,0
4623435,0
4623561,0
4624716,0
4624740,0
4625037,0
4625670,0
4626045,0
4626243,0
4626270,0
4626933,0
4628433,0
4628604,0
4628880,0
4629192,0
4629303,0
4630002,0
4630695,0
4630722,0
4630743,0
4630785,0
4631508,0
4632675,0
4632777,0
4632783,0
4632786,0
4632960,0
4633068,0
4633269,0
4633473,0
4634160,1
4634364,0
4634403,0
4634649,0
4634973,0
4635045,0
4635075,0
4635237,0
4635423,0
4635870,0
4635888,0
4635999,0
4636428,0
4636551,0
4636713,0
4636788,0
4637628,0
4638405,0
4638729,0
4638756,0
4638807,0
4639488,0
4640700,0
4641597,0
4641804,0
4642062,0
4642530,0
4642563,0
4642740,0
4643253,0
4643361,0
4644543,0
4645035,0
4645422,0
4645485,0
4645662,0
4647129,0
4647390,0
4647540,0
4648077,0
4648335,0
4648443,0
4649091,0
4649274,0
4650393,0
4650438,0
4650453,0
4650927,0
4651896,0
4652400,0
4652409,0
4652748,0
4652925,0
4653291,0
4653564,0
4654671,0
4654719,0
4654953,0
4656051,0
4656516,0
4656612,0
4658550,0
4659075,0
4659363,0
4659534,0
4659771,0
4660401,0
4660485,0
4661655,0
4662009,0
4662102,1
4662318,0
4664031,0
4664526,0
4664637,0
4664793,0
4664928,0
4665933,0
4666884,0
4666902,0
4667190,0
4667298,0
4667844,0
4670244,0
4670877,0
4671204,0
4671375,0
4672893,0
4673625,0
4673988,0
4674024,0
4674060,0
4674069,0
4674234,0
4675059,0
4675233,0
4675899,1
4675944,0
4676226,0
4676958,0
4677237,0
4677984,0
4678326,0
4678572,0
4679019,1
4679088,0
4679289,0
4679649,0
4679727,0
4679997,0
4680684,0
4681065,0
4681230,0
4682490,0
4682538,0
4682724,0
4683129,0
4685604,0
4686846,0
4687044,0
4687923,0
4688637,0
4688664,0
4688751,0
4688769,0
4688865,0
4689258,0
4689726,0
4689897,0
4690095,0
4691214,0
4692042,0
4692117,0
4692177,0
4692528,0
4692870,0
4693215,0
4693494,0
4693563,0
4694226,0
4694373,0
4695174,0
4695954,0
4697292,0
4697448,0
4697601,0
4698459,0
4698747,0
4698984,0
4699170,0
4699590,0
4699908,0
4700007,0
4700289,0
4700469,0
4701060,0
4702254,0
4702461,0
4702488,0
4702806,0
4702917,0
4702953,0
4702959,0
4703010,0
4704084,0
4704108,0
4705083,0
4705665,0
4707627,0
4708362,0
4708455,0
4708602,0
4708728,0
4708731,0
4708740,0
4708770,0
4708899,0
4709247,0
4709319,0
4709709,1
4711035,0
4711425,0
4711560,0
4713222,0
4713738,0
4713888,0
4713942,0
4714623,0
4715919,1
4717785,0
4717854,0
4718484,0
4718712,0
4720341,0
4721673,0
4721766,0
4722531,0
4722714,0
4723494,0
4723815,0
4724265,0
4724334,0
4724808,0
4724973,0
4725552,0
4726023,0
4726707,0
4726908,0
4727040,0
4728486,0
4728711,0
4729194,0
4729686,0
4729770,0
4730628,0
4731435,0
4731735,0
4733145,0
4733172,0
4733469,0
4733751,0
4734759,0
4735503,0
4737066,0
4737237,0
4737666,0
4738968,0
4739298,0
4739382,1
4740456,0
4741011,0
4741287,0
4741581,0
4742097,0
4742985,0
4743150,0
4743165,0
4743225,0
4743552,0
4744260,0
4744311,0
4745136,0
4746453,0
4747038,0
4747890,0
4748160,0
4748304,0
4748703,0
4749021,0
4749309,0
4749891,0
4750035,0
4750998,0
4751871,0
4752468,0
4752855,0
4753980,0
4756134,1
4757079,0
4757781,0
4757997,0
4758042,0
4758213,0
4760250,0
4761417,0
4761519,0
4761540,0
4762080,0
4762671,0
4764114,0
4764219,0
4764297,0
4764429,0
4765053,0
4765902,0
4765935,0
4766031,0
4766907,1
4767603,0
4768329,0
4768629,0
4768845,0
4768890,0
4769001,0
4769979,1
4770510,0
4770633,0
4770867,0
4771032,0
4771311,0
4772505,0
4772619,0
4772796,0
4772970,0
4774260,0
4774344,0
4774665,0
4775217,0
4777746,0
4778112,0
4778448,0
4778838,0
4778979,0
4780371,0
4780644,0
4781055,0
4781085,0
4781088,0
4781307,1
4781895,0
4782030,0
4782075,0
4782741,0
4783230,0
4785513,0
4785582,0
4786431,0
4786512,0
4786785,0
4787793,0
4788237,0
4788678,0
4789446,0
4789695,0
4789986,0
4790148,0
4790376,0
4791570,0
4791885,0
4792140,0
4793283,0
4793397,0
4793748,0
4793817,0
4793934,0
4794333,0
4794945,0
4795827,0
4796112,0
4796640,0
4797816,0
4800855,0
4801881,0
4801920,1
4802187,0
4802586,1
4802919,0
4803426,0
4804098,0
4805019,0
4805502,0
4805649,0
4806168,0
4807359,0
4807368,0
4808514,0
4808835,0
4809012,0
4809378,0
4809519,0
4809924,0
4810890,0
4811292,0
4813083,0
4813155,0
4813239,0
4814211,0
4814928,0
4816332,1
4816584,0
4817517,0
4818642,1
4819626,0
4820112,0
4820199,0
4820202,0
4820307,0
4820613,0
4821792,0
4821933,0
4822182,0
4823544,0
4824567,0
4825773,0
4825863,0
4826238,0
4826715,0
4827141,0
4828251,0
4830168,0
4830363,0
4830582,0
4831764,0
4832202,0
4834194,0
4834665,0
4834965,0
4836315,0
4836417,0
4836588,0
4836909,0
4836963,0
4837719,0
4837872,0
4838067,0
4838265,0
4838853,0
4840104,0
4840251,1
4840917,0
4842366,1
4842993,0
4843185,0
4843440,0
4844106,0
4844607,0
4844610,0
4845117,0
4845300,0
4845405,0
4845876,0
4846107,0
4846491,0
4846755,0
4847454,0
4847967,0
4848324,0
4848597,0
4848729,0
4849188,0
4850115,0
4850262,0
4851948,0
4852998,0
4854768,0
4854795,0
4855044,0
4855140,0
4855866,0
4856046,0
4856700,0
4857048,0
4857348,0
4857798,0
4858605,0
4859169,0
4859514,0
4860495,0
4861122,0
4861629,1
4863453,0
4863549,0
4864443,0
4864887,0
4865910,0
4866537,0
4866693,0
4866957,0
4868136,0
4868139,0
4868175,0
4868271,0
4869492,1
4870665,0
4870719,0
4870752,0
4870770,0
4870833,0
4872042,0
4873530,0
4874814,0
4875075,1
4875414,0
4875498,0
4875846,0
4876494,0
4877169,0
4877313,0
4877484,0
4878492,0
4878870,0
4879575,0
4880283,0
4880415,0
4881903,0
4882119,0
4882704,0
4883016,0
4883154,0
4883277,0
4884420,0
4884804,0
4885815,0
4886754,0
4887753,0
4890420,0
4893651,0
4894965,0
4894986,0
4895469,0
4895577,0
4895730,0
4895814,0
4896423,0
4896678,0
4896924,1
4897182,0
4897236,0
4897296,0
4899366,0
4900509,0
4901859,0
4901901,0
4902093,0
4903509,0
4903674,0
4904355,0
4904892,0
4905999,0
4906281,0
4908420,0
4910529,0
4910883,0
4911744,0
4913847,0
4914876,0
4915740,0
4915791,0
4915947,0
4917009,1
4917765,0
4917816,0
4919376,0
4919478,0
4924398,0
4924593,0
4924893,0
4926162,1
4927038,0
4927254,0
4927446,0
4927884,0
4928976,0
4929159,0
4929171,0
4929303,0
4929354,0
4930326,0
4930524,0
4932099,0
4932846,0
4933194,1
4933203,0
4933371,0
4933599,0
4934214,0
4935537,0
4935567,0
4936014,0
4939344,0
4940460,0
4940466,0
4940496,0
4941450,0
4942467,0
4943052,0
4943406,1
4944222,0
4944333,0
4945521,0
4945743,0
4945872,0
4947183,0
4948203,0
4948650,0
4949373,0
4949415,0
4949466,0
4949493,0
4949739,0
4949907,0
4949934,0
4950117,0
4950174,0
4950519,0
4950834,0
4950993,0
4951014,0
4951287,0
4951419,0
4951557,0
4952454,0
4953114,0
4953963,0
4954701,0
4956276,0
4957599,0
4959021,0
4959711,0
4960725,1
4960914,0
4963119,0
4963407,0
4964925,0
4965429,1
4965498,0
4966080,0
4966398,0
4966593,0
4969374,0
4971153,0
4971567,0
4972479,0
4973046,0
4973085,0
4973202,0
4973241,0
4973535,0
4973625,0
4973862,0
4974774,0
4977951,0
4978059,0
4978230,0
4979094,0
4979961,0
4981035,1
4981095,0
4981764,0
4984872,0
4987503,0
4987599,0
4988196,0
4988310,0
4990227,0
4991514,1
4992549,0
4993254,0
4993854,0
4994310,0
4996206,1
4996734,0
4998210,0
4998621,0
5000982,0
5001513,0
5001744,0
5003715,0
5004354,0
5005731,0
5005956,0
5006133,0
5006169,0
5006232,0
5007279,0
5007639,0
5008131,0
5008872,0
5009139,0
5009163,0
5009352,0
5009850,0
5010174,0
5012097,0
5013576,0
5014947,0
5016015,0
5016336,0
5016642,1
5017560,0
5018574,0
5018769,0
5018772,0
5019552,0
5019975,0
5020407,0
5020656,0
5020812,0
5022765,0
5022951,0
5024280,0
5024481,0
5024916,0
5025153,0
5028258,0
5028321,0
5029407,1
5029623,0
5029914,0
5029965,0
5030046,0
5030052,0
5030247,0
5030394,0
5030442,0
5030748,0
5030964,0
5031819,0
5031996,0
5032257,0
5032917,0
5033586,0
5034351,0
5034702,0
5036709,0
5038005,0
5038605,0
5038707,0
5038956,0
5039157,0
5039385,0
5040564,0
5042175,0
5042562,0
5043120,0
5043483,0
5044479,1
5045580,0
5045940,0
5046237,0
5046870,0
5047971,0
5048274,0
5048766,0
5048907,0
5049558,0
5051817,0
5051862,0
5052564,0
5052693,0
5056521,0
5056770,0
5057226,0
5057529,1
5058111,0
5058858,1
5059653,0
5060250,0
5060760,0
5062083,0
5062590,0
5062698,0
5062848,0
5062863,1
5064375,0
5065575,1
5065782,0
5066226,0
5067696,1
5067984,0
5068215,0
5068611,0
5069769,0
5071608,0
5071947,1
5072262,0
5072412,0
5072610,0
5073561,0
5075124,0
5075613,0
5077506,0
5077557,0
5077992,0
5078817,0
5080437,0
5080803,0
5081229,0
5082147,0
5082282,0
5082765,0
5083026,0
5083314,0
5084145,0
5084178,0
5085909,0
5087685,0
5089590,0
5090286,1
5090292,0
5090961,0
5091105,0
5091378,0
5091525,0
5092386,0
5093925,0
5095758,0
5096505,1
5096520,0
5096574,0
5101383,0
5102772,0
5103780,0
5104353,0
5104902,0
5105964,0
5106732,0
5106834,0
5108958,0
5109246,0
5110719,0
5111658,0
5111904,0
5112219,0
5115651,0
5116827,1
5116881,0
5117175,0
5118087,0
5118528,0
5119686,0
5120859,0
5121153,0
5121180,0
5121837,0
5123895,0
5124276,0
5124300,0
5124372,0
5125197,0
5125689,1
5126217,0
5127240,0
5127438,0
5128926,1
5129544,0
5129862,0
5130057,0
5130885,0
5132586,0
5133096,0
5134326,1
5134362,0
5135412,0
5136204,0
5136855,0
5137464,0
5137737,0
5138163,0
5138673,0
5139993,0
5140077,0
5140215,0
5140455,0
5143959,0
5144112,0
5144643,0
5145537,0
5146260,0
5147655,0
5149227,0
5149707,1
5150874,0
5152479,0
5153043,0
5156193,0
5156370,0
5156568,0
5156781,0
5158416,0
5158776,0
5158905,0
5159622,0
5160036,0
5161332,0
5162505,0
5163855,0
5164128,0
5164578,0
5165301,0
5165889,0
5165979,0
5166585,0
5167653,0
5167821,0
5168754,0
5169885,0
5169912,0
5171421,0
5172402,0
5174253,0
5178849,0
5179041,0
5179143,0
5179395,0
5180049,0
5180217,0
5181354,0
5182929,1
5183538,0
5185386,0
5185548,0
5187858,0
5188605,0
5188764,0
5188980,0
5189916,0
5191602,0
5191848,0
5192124,0
5192484,0
5192709,0
5192721,0
5195766,0
5195997,0
5196729,0
5196942,0
5197992,0
5199354,0
5199624,0
5199888,0
5200467,0
5200521,0
5200698,0
5201187,1
5201283,0
5201529,0
5202075,1
5202414,0
5202909,0
5204241,0
5204328,0
5205183,0
5205207,0
5205480,0
5205648,0
5205921,0
5206332,0
5206548,0
5206893,0
5207397,0
5207955,0
5208174,0
5209566,0
5209971,0
5210280,0
5211138,0
5211324,0
5212386,0
5212998,0
5213331,0
5214672,0
5215569,0
5216406,0
5216559,0
5216817,0
5218224,0
5218368,0
5218785,0
5219385,0
5219454,0
5219682,0
5220750,0
5221200,0
5222223,0
5223297,0
5223453,0
5224065,0
5224125,0
5226876,0
5227353,0
5227446,0
5227698,0
5228505,0
5228652,0
5228751,0
5229015,0
5232165,0
5233317,0
5233572,0
5234112,0
5235321,0
5236149,0
5236977,0
5237478,0
5238402,0
5238411,0
5239083,0
5239350,0
5240025,0
5240277,0
5241330,0
5241588,0
5241744,0
5242185,0
5242725,0
5243334,0
5243370,0
5243967,0
5244279,0
5244903,0
5245455,0
5247558,0
5247936,0
5247972,0
5248815,0
5249820,0
5253156,0
5254845,0
5255115,0
5255292,0
5255577,0
5255832,0
5256675,0
5257176,0
5258493,0
5261229,0
5261415,0
5261457,1
5261646,0
5261910,1
5262018,0
5262798,0
5263437,0
5264052,0
5264535,0
5265006,0
5265261,0
5265291,0
5265555,0
5265786,0
5265870,0
5268609,0
5269611,0
5270277,0
5270304,0
5270484,0
5270736,0
5272479,0
5272530,0
5272599,0
5272884,0
5274063,0
5274444,0
5276067,1
5276628,0
5276961,0
5277546,0
5279352,0
5279421,0
5279460,0
5280345,0
5280525,0
5282022,0
5282190,0
5282472,0
5282712,0
5283564,0
5285352,0
5285577,0
5285985,0
5287989,0
5288514,0
5288613,0
5288673,0
5289294,0
5291457,0
5291508,1
5291574,0
5291790,0
5292153,0
5293491,0
5294022,0
5294370,1
5294601,0
5296458,0
5296956,0
5297505,0
5297811,0
5298069,0
5298843,0
5300055,0
5301252,0
5302158,0
5306784,0
5306796,0
5307177,0
5307318,0
5308362,0
5309316,0
5309982,1
5310009,0
5310375,0
5311242,0
5311338,1
5313585,0
5313744,1
5313753,0
5313801,0
5314212,1
5314497,0
5314608,1
5314992,0
5315046,0
5316408,0
5317698,0
5318793,1
5319612,0
5319777,0
5319999,0
5321007,0
5321847,0
5322093,0
5322447,0
5324532,0
5325150,0
5328015,1
5329857,0
5331177,0
5331390,0
5333001,0
5333094,0
5335041,0
5335449,0
5335479,0
5335563,0
5335638,0
5336151,0
5336253,0
5338278,0
5338347,0
5338659,0
5338980,0
5339052,0
5339331,1
5339466,0
5339574,0
5340321,0
5340447,0
5340552,0
5342262,0
5343642,0
5343654,0
5343711,0
5345883,0
5346171,0
5346417,0
5347377,0
5347914,0
5347923,0
5348751,0
5349273,0
5350482,0
5351613,1
5351679,0
5352660,0
5355993,0
5356200,0
5356473,0
5357064,0
5357088,0
5357430,0
5359272,0
5360376,0
5360397,0
5361645,0
5361813,0
5363172,0
5363721,0
5365260,0
5366100,0
5366751,0
5367573,1
5368521,0
5369865,0
5372097,0
5373201,0
5373246,0
5373606,0
5373855,0
5374599,0
5375343,0
5376900,0
5377788,0
5382237,0
5382327,0
5382552,0
5383623,0
5383923,0
5384181,0
5384355,0
5384865,0
5385321,0
5386329,0
5386815,0
5387826,0
5392377,0
5392605,0
5393688,0
5395755,0
5396880,0
5396970,0
5397294,0
5397582,0
5397774,0
5397861,0
5398269,0
5398557,0
5398887,0
5399511,0
5400189,0
5401680,0
5401728,0
5402133,0
5402955,0
5403939,0
5404335,0
5404917,0
5405934,0
5408289,0
5410461,1
5410851,0
5411343,0
5412783,0
5413824,0
5414910,0
5416005,0
5416647,0
5416857,0
5418186,0
5418501,0
5418591,0
5418708,0
5418846,0
5421189,0
5425086,0
5425524,0
5427039,0
5427375,0
5427414,0
5428065,0
5428272,0
5428500,0
5429169,0
5430285,0
5430870,0
5431947,0
5433549,0
5434452,1
5435571,0
5435859,0
5435943,0
5436567,0
5436702,0
5437494,0
5437686,0
5438361,0
5439525,0
5440479,0
5440893,0
5443563,0
5444052,0
5444262,0
5445036,0
5445165,0
5445930,0
5446716,0
5447250,0
5448963,0
5449041,0
5449233,0
5449866,0
5450847,0
5450868,0
5452860,0
5452983,0
5453292,0
5453445,0
5454222,0
5456028,1
5457468,0
5457708,0
5458053,0
5458812,0
5459484,1
5459643,0
5461068,0
5463006,0
5466111,0
5467095,0
5467323,0
5467689,0
5467869,0
5468064,0
5468736,0
5469264,0
5469417,0
5469555,0
5469795,0
5470047,0
5470266,0
5470623,0
5470794,0
5471118,0
5471478,0
5471649,0
5472321,0
5472432,0
5472705,0
5475582,0
5476020,0
5476542,0
5479527,0
5479662,0
5479701,0
5480502,0
5481081,0
5481510,0
5482131,0
5483121,0
5483139,0
5484888,0
5486694,0
5486775,0
5487414,0
5487714,0
5487765,0
5487957,0
5489490,0
5490123,0
5491221,0
5492400,0
5493375,0
5493879,0
5493891,0
5495685,0
5496450,0
5496576,0
5497152,0
5499723,0
5501565,0
5502480,0
5502669,0
5503605,0
5504112,0
5504502,0
5504862,0
5504877,0
5504997,1
5505219,0
5505333,1
5505681,0
5505999,0
5506449,0
5509344,0
5512869,0
5516199,0
5516406,0
5519304,0
5521617,0
5522418,0
5522817,0
5523237,0
5524722,0
5525253,1
5525496,0
5525919,0
5526567,0
5526681,0
5526774,0
5528880,0
5529162,0
5529189,0
5529453,0
5529567,0
5529741,0
5529822,0
5530020,0
5530974,0
5531556,0
5534481,0
5536539,1
5536815,0
5537166,0
5537418,0
5537703,0
5538693,0
5540139,0
5540406,0
5541636,0
5541912,0
5543154,0
5543811,0
5543829,0
5544069,0
5544351,0
5544909,0
5546484,0
5547120,0
5547726,0
5548899,0
5549193,0
5549664,0
5550081,0
5550834,0
5551563,0
5552049,0
5552961,0
5553132,0
5554488,0
5555115,0
5556822,0
5560425,0
5560698,0
5561073,0
5561133,0
5562525,0
5566422,0
5566635,0
5567307,0
5567445,0
5568489,0
5569542,0
5571081,0
5572986,0
5573073,0
5573787,0
5574444,0
5574813,0
5575212,0
5578911,0
5579070,0
5579622,0
5580006,0
5580411,0
5581251,0
5581842,0
5582592,0
5583750,0
5584419,0
5587521,0
5587914,0
5588064,0
5589240,0
5589840,0
5590329,0
5590728,0
5591532,0
5591814,0
5593482,0
5594415,0
5595102,0
5596347,0
5597169,0
5601654,0
5602479,0
5602569,0
5603457,0
5603499,0
5604042,0
5604570,0
5606370,0
5606718,0
5607303,0
5608947,0
5613582,0
5613888,0
5615295,0
5617341,0
5617962,0
5618361,0
5619006,0
5619408,0
5619771,0
5619819,0
5622861,0
5624241,0
5626206,0
5627205,0
5629482,0
5630646,0
5630748,0
5631882,1
5632443,0
5634663,0
5636229,0
5637111,1
5637423,0
5637627,0
5638977,0
5638992,0
5640021,0
5641329,0
5641779,0
5642937,0
5644266,0
5646582,0
5647008,0
5648241,0
5648595,0
5649234,0
5652621,0
5653110,0
5653140,0
5653503,0
5654130,0
5654754,0
5655312,0
5656947,0
5659359,0
5660847,0
5661231,0
5662023,0
5662503,0
5664549,0
5667963,0
5668245,0
5669175,0
5670729,0
5674767,0
5674995,0
5675769,0
5676123,0
5676789,0
5677758,0
5677920,0
5678541,0
5679885,0
5680791,0
5682324,0
5682924,0
5683950,0
5684382,0
5684508,0
5684610,0
5684733,0
5685426,0
5686470,0
5686635,0
5686872,0
5688063,0
5688420,0
5689056,0
5689671,0
5691462,0
5693463,0
5695839,0
5696559,0
5696637,0
5696811,0
5697084,0
5697198,0
5699373,0
5699781,0
5699907,0
5701206,0
5701287,0
5701326,0
5701332,0
5702676,0
5706210,0
5706234,0
5706429,0
5707677,0
5708622,0
5709426,0
5710059,0
5710668,0
5711103,0
5713413,0
5713800,0
5714031,0
5714964,0
5716149,0
5719104,0
5719725,0
5720625,0
5720733,0
5721228,0
5721342,0
5722113,0
5722593,0
5723472,0
5723640,1
5724261,1
5725431,0
5725593,0
5726271,0
5728401,0
5728830,0
5729388,0
5731179,0
5733585,0
5733819,0
5733900,0
5734782,0
5734881,0
5735151,0
5735217,0
5736249,0
5738193,0
5738547,0
5739093,0
5739714,0
5741823,0
5742354,0
5742594,0
5742906,0
5743143,0
5743158,0
5743392,0
5743599,0
5744442,0
5745342,0
5745483,0
5746752,0
5747007,0
5748240,0
5748501,0
5749608,0
5749704,0
5749881,0
5751216,0
5752074,0
5752185,0
5752830,0
5753052,0
5753364,0
5753571,0
5754174,0
5755713,0
5756175,0
5756724,0
5758659,0
5758665,0
5759025,0
5759196,0
5761167,0
5761749,0
5762316,0
5762553,0
5762622,0
5762958,0
5764308,1
5764377,0
5765223,0
5766813,0
5767530,0
5768184,0
5769483,0
5769603,0
5770845,0
5771340,0
5771709,0
5772390,0
5773872,0
5774352,0
5774583,0
5774586,0
5775918,0
5777964,0
5779848,0
5780385,0
5780592,0
5780841,0
5781777,0
5783631,0
5784084,0
5784639,0
5785701,0
5785893,0
5785965,0
5786448,0
5788200,0
5789757,0
5790048,0
5794671,0
5795652,0
5795955,0
5797203,0
5800131,0
5800407,0
5800527,0
5803005,0
5803860,0
5804280,0
5804490,0
5804583,0
5805138,0
5806677,0
5808774,0
5808948,0
5810904,0
5811390,0
5813874,0
5814267,0
5814645,0
5814978,0
5816142,0
5816442,0
5817990,0
5818773,0
5819529,0
5820012,0
5820363,0
5820480,0
5820600,0
5821104,0
5821869,0
5821881,0
5822592,0
5824980,0
5826273,0
5826513,0
5826786,1
5827035,0
5828577,0
5831049,0
5832234,0
5832852,0
5833137,0
5833704,0
5834601,0
5835621,0
5837148,0
5837595,0
5838453,0
5840661,0
5840736,0
5841000,0
5842461,0
5843943,0
5844009,0
5844465,0
5847423,0
5847582,0
5847945,0
5849742,0
5850384,0
5851140,0
5852808,0
5852934,0
5853141,0
5853711,0
5853969,0
5855688,0
5856621,0
5856672,0
5856753,0
5856891,0
5858184,0
5858202,0
5858268,0
5858445,0
5858544,0
5859099,0
5859195,0
5859672,0
5859822,0
5860092,0
5860194,0
5861871,0
5863002,0
5863647,0
5864130,0
5864598,0
5865507,0
5867040,0
5867397,0
5869674,0
5870433,0
5871111,0
5871324,0
5871624,0
5872557,0
5873679,0
5874996,0
5879301,0
5879460,0
5881116,0
5881272,0
5881944,0
5884509,0
5885988,0
5886426,0
5888454,0
5891592,0
5892117,1
5892636,0
5893329,0
5893356,0
5895699,0
5896128,0
5896326,0
5897082,0
5898744,0
5899113,0
5899362,0
5899494,0
5899509,0
5899785,0
5900970,0
5901168,0
5902542,0
5902557,0
5902584,0
5902968,0
5903814,0
5904225,0
5905656,0
5906664,0
5907048,0
5910165,0
5911356,0
5911446,0
5911971,0
5912136,0
5913138,0
5913324,0
5913795,0
5913975,0
5914251,0
5914395,0
5916429,0
5917941,0
5918187,0
5918271,0
5918955,0
5919663,0
5920761,0
5921613,0
5924049,0
5925066,0
5925477,0
5926323,0
5926362,0
5927616,0
5927652,0
5928066,0
5929374,0
5930727,0
5931435,0
5931501,0
5933262,0
5935113,0
5935203,0
5936760,0
5936943,0
5937051,0
5938251,0
5938257,0
5939931,0
5941296,0
5941872,0
5942169,0
5944491,0
5945283,0
5946933,0
5947830,0
5949585,0
5949792,0
5950239,0
5951484,0
5951862,0
5953422,0
5954352,0
5955351,0
5955627,0
5955933,0
5957748,0
5958342,0
5958366,0
5959188,0
5959872,0
5959962,0
5960133,0
5960379,0
5960475,0
5961252,0
5961342,0
5962047,0
5962818,0
5963151,0
5963916,0
5963922,0
5963925,0
5964552,0
5965188,0
5966235,0
5967846,0
5968413,0
5969352,0
5969682,0
5970294,0
5970318,0
5970357,0
5970564,0
5971332,0
5971680,1
5976402,0
5976720,0
5977680,0
5977974,0
5978802,0
5979549,0
5980380,0
5981010,0
5982123,0
5984364,0
5985090,0
5985201,0
5985873,0
5985897,0
5988057,0
5988582,0
5990073,0
5990880,0
5992140,0
5993541,1
5993583,0
5994117,0
5994927,0
5996994,0
5997165,0
5998212,0
5999385,0
5999505,0
5999829,0
6002547,0
6003273,0
6003933,0
6005952,0
6006255,0
6006276,0
6006960,0
6007023,0
6007626,0
6008349,0
6009564,0
6009732,0
6010440,0
6010764,0
6011922,0
6012576,0
6014733,0
6015714,0
6015717,0
6015891,0
6017436,0
6018054,0
6018225,0
6018510,0
6018858,0
6022590,0
6022803,0
6023409,0
6023742,0
6024591,0
6027552,0
6028353,0
6028968,0
6030324,0
6030858,0
6031500,0
6031638,0
6031959,0
6032679,0
6037551,0
6037668,0
6038532,0
6039477,0
6039921,1
6040446,0
6042285,0
6043278,0
6043959,0
6044049,0
6044628,0
6047613,0
6047619,0
6048381,0
6050394,0
6051024,0
6053607,0
6053973,0
6054162,0
6054768,0
6055053,0
6055260,0
6056736,0
6057054,0
6057375,0
6058125,0
6059514,0
6059928,0
6061473,0
6062292,0
6062445,0
6062970,0
6063120,0
6064401,0
6066258,0
6066618,0
6067098,0
6067566,0
6067710,0
6068190,0
6069798,0
6070515,0
6072114,0
6072258,0
6073029,0
6073206,0
6074694,0
6075126,0
6075774,0
6075786,0
6075876,0
6076305,0
6078336,0
6078975,0
6083115,0
6084162,0
6085887,0
6087288,0
6090291,0
6093702,0
6094470,0
6095298,0
6095691,0
6096774,0
6097530,0
6097722,0
6097827,0
6098115,0
6098322,0
6098574,0
6098616,0
6098793,1
6099351,0
6099645,0
6099987,0
6100815,0
6101052,0
6101415,0
6101535,0
6101790,0
6104859,0
6104865,0
6105000,0
6107463,0
6108168,0
6109176,0
6110682,0
6110850,0
6111522,0
6112803,0
6112824,0
6113535,0
6115911,0
6116931,0
6118713,0
